﻿Designator,Footprint,Quantity,Value,LCSC Part #
"C1, C10, C11, C12, C13, C14, C15, C16, C2, C3, C4, C5, C6, C7, C8, C9",0402,16,100nF,
"D1, D10, D11, D12, D13, D14, D15, D16, D2, D3, D4, D5, D6, D7, D8, D9",LED-SMD_8P-L5.0-W5.0-P1.32-TL,16,XL-5050RGBW,C7371891
"R1, R13, R17, R21, R25, R29, R5, R9",0402,8,47,
"R10, R11, R12, R14, R15, R16, R18, R19, R2, R20, R22, R23, R24, R26, R27, R28, R3, R30, R31, R32, R4, R6, R7, R8",0402,24,22,
"U1, U11, U13, U15, U3, U5, U7, U9",SOIC-8_3.9x4.9mm_P1.27mm,8,ATtiny202-SS,
"U10, U12, U14, U16, U2, U4, U6, U8",Everlight_IRM-H6xxT,8,IRM-H6xxT,
